{"cameraMode":{"drawMode":0,"name":"Shaded","section":"Shading Mode"},"sceneLighting":false,"audioPlay":false,"sceneViewState":{"showFog":true,"showMaterialUpdate":false,"showSkybox":true,"showFlares":true,"showImageEffects":true,"showParticleSystems":true},"in2DMode":false,"pivot":{"x":1.8999998569488526,"y":22.799999237060548,"z":8.399999618530274},"rotation":{"x":0.005914594978094101,"y":0.35290369391441347,"z":-0.0022292195353657009,"w":0.9356383085250855},"size":8.830667495727539,"orthographic":false}