{"cameraMode":{"drawMode":0,"name":"Shaded","section":"Shading Mode"},"sceneLighting":false,"audioPlay":false,"sceneViewState":{"showFog":true,"showMaterialUpdate":false,"showSkybox":true,"showFlares":true,"showImageEffects":true,"showParticleSystems":true},"in2DMode":false,"pivot":{"x":-19.829999923706056,"y":1.0,"z":16.059999465942384},"rotation":{"x":0.21799738705158235,"y":0.022130776196718217,"z":-0.004944789223372936,"w":0.9756858944892883},"size":2.8578836917877199,"orthographic":false}