{"cameraMode":{"drawMode":0,"name":"Shaded","section":"Shading Mode"},"sceneLighting":false,"audioPlay":false,"sceneViewState":{"showFog":true,"showMaterialUpdate":false,"showSkybox":true,"showFlares":true,"showImageEffects":true,"showParticleSystems":true},"in2DMode":false,"pivot":{"x":0.0,"y":1.4316999912261963,"z":5.626150131225586},"rotation":{"x":-0.22967635095119477,"y":0.023758666589856149,"z":-0.005608328618109226,"w":-0.972960889339447},"size":2.1309826374053957,"orthographic":false}