{"cameraMode":{"drawMode":0,"name":"Shaded","section":"Shading Mode"},"sceneLighting":false,"audioPlay":false,"sceneViewState":{"showFog":true,"showMaterialUpdate":false,"showSkybox":true,"showFlares":true,"showImageEffects":true,"showParticleSystems":true},"in2DMode":false,"pivot":{"x":-3.319999933242798,"y":-0.290149986743927,"z":8.75},"rotation":{"x":0.005914594978094101,"y":0.35290369391441347,"z":-0.0022292195353657009,"w":0.9356383085250855},"size":4.744359970092773,"orthographic":false}