{"cameraMode":{"drawMode":0,"name":"Shaded","section":"Shading Mode"},"sceneLighting":false,"audioPlay":false,"sceneViewState":{"showFog":true,"showMaterialUpdate":false,"showSkybox":true,"showFlares":true,"showImageEffects":true,"showParticleSystems":true},"in2DMode":false,"pivot":{"x":0.2863825857639313,"y":0.11994567513465882,"z":3.75},"rotation":{"x":0.005914594978094101,"y":0.35290369391441347,"z":-0.0022292195353657009,"w":0.9356383085250855},"size":2.218923807144165,"orthographic":false}