{"cameraMode":{"drawMode":0,"name":"Shaded","section":"Shading Mode"},"sceneLighting":false,"audioPlay":false,"sceneViewState":{"showFog":true,"showMaterialUpdate":false,"showSkybox":true,"showFlares":true,"showImageEffects":true,"showParticleSystems":true},"in2DMode":false,"pivot":{"x":0.0,"y":0.7759280204772949,"z":0.0020705461502075197},"rotation":{"x":-0.019599631428718568,"y":-0.9690845608711243,"z":0.08189963549375534,"w":-0.2319125235080719},"size":3.782423734664917,"orthographic":false}