{"cameraMode":{"drawMode":0,"name":"Shaded","section":"Shading Mode"},"sceneLighting":false,"audioPlay":false,"sceneViewState":{"showFog":true,"showMaterialUpdate":false,"showSkybox":true,"showFlares":true,"showImageEffects":true,"showParticleSystems":true},"in2DMode":false,"pivot":{"x":0.0,"y":1.5099999904632569,"z":19.806123733520509},"rotation":{"x":0.005914594978094101,"y":0.35290369391441347,"z":-0.0022292195353657009,"w":0.9356383085250855},"size":7.927318096160889,"orthographic":false}