{"cameraMode":{"drawMode":0,"name":"Shaded","section":"Shading Mode"},"sceneLighting":false,"audioPlay":false,"sceneViewState":{"showFog":true,"showMaterialUpdate":false,"showSkybox":true,"showFlares":true,"showImageEffects":true,"showParticleSystems":true},"in2DMode":false,"pivot":{"x":1.1920928955078126e-7,"y":0.5426108837127686,"z":0.0},"rotation":{"x":0.05585530772805214,"y":-0.3346126675605774,"z":0.019872501492500306,"w":0.9404890537261963},"size":5.252676963806152,"orthographic":false}